date,weekday,market_index,hybrid,codex_lgbm_no_market_index
2025-12-01,Mon,0.83492,839.13,836.19
2025-12-02,Tue,0.91468,846.8,835.3
2025-12-03,Wed,0.99406,852.82,844.08
2025-12-04,Thu,1.02402,855.71,842.58
2025-12-05,Fri,0.97512,853.28,843.23
2025-12-06,Sat,0.88915,848.29,838.91
2025-12-07,Sun,0.83059,842.57,836.29
2025-12-08,Mon,0.84011,845.64,837.73
2025-12-09,Tue,0.91726,851.83,840.75
2025-12-10,Wed,0.99891,859.63,843.64
2025-12-11,Thu,1.02725,862.13,845.27
2025-12-12,Fri,0.98145,858.91,843.18
2025-12-13,Sat,0.89659,853.97,839.06
2025-12-14,Sun,0.83825,849.07,836.68
2025-12-15,Mon,0.84784,851.91,837.89
2025-12-16,Tue,0.92419,857.15,840.95
2025-12-17,Wed,1.00212,864.89,845.8
2025-12-18,Thu,1.03398,868.84,846.71
2025-12-19,Fri,0.98867,865.45,844.13
2025-12-20,Sat,0.90183,860.49,839.66
2025-12-21,Sun,0.84412,854.81,836.39
2025-12-22,Mon,0.85991,858.71,838.33
2025-12-23,Tue,0.93037,864.11,841.75
2025-12-24,Wed,1.01473,872.84,845.69
2025-12-25,Thu,1.04455,876.76,847.12
2025-12-26,Fri,0.9972,872.75,844.97
2025-12-27,Sat,0.91453,866.66,839.79
2025-12-28,Sun,0.85802,861.86,837.64
2025-12-29,Mon,0.86955,867.8,839.57
2025-12-30,Tue,0.94402,872.07,842.8
2025-12-31,Wed,1.02725,881.33,845.1
