model,Aug MAE,Sep MAE,Oct MAE,h2 MAE,avg MAE,avg RMSE,avg MAPE,avg MedAPE,avg cMAE,avg cMAPE,h2 cMAPE
Hybrid (chosen),81.852,82.418,97.07,90.306,87.114,623.534,3.913,1.223,33.001,1.415,1.453
Hybrid + quote_signal,90.882,82.28,96.538,89.859,89.9,623.548,4.047,1.343,35.837,1.555,1.452
Hybrid 50/50 with Codex XGB,94.585,92.428,97.793,100.575,94.935,625.176,4.285,1.438,40.941,1.801,1.83
Structural only (stage 1),92.799,95.145,106.196,101.336,98.047,625.669,4.422,1.623,44.055,1.926,1.954
Hybrid without quarter-end ramp,95.574,109.506,92.797,104.489,99.292,625.385,4.411,1.66,45.335,1.915,2.024
Codex LGBM-L1 without quote_signal,85.317,116.181,107.194,117.617,102.897,626.711,4.644,1.791,48.999,2.158,2.59
Codex blend 0.75 XGB / 0.25 LGBM,118.222,115.602,107.156,118.856,113.66,629.03,5.092,2.059,59.961,2.629,2.543
Codex LGBM-L1,119.52,111.44,110.582,114.814,113.847,627.688,5.075,2.169,60.198,2.616,2.455
Codex XGB-L1,121.677,119.458,109.434,122.316,116.856,630.321,5.264,2.106,63.19,2.803,2.702
"Linear, city indicators, no time terms",110.091,174.866,132.997,165.721,139.318,639.435,5.953,3.389,85.892,3.556,4.563
Hybrid without trend,121.473,135.957,164.992,154.91,140.807,637.003,6.078,3.732,87.48,3.706,4.202
Hybrid without trend or ramp,109.674,174.83,162.268,173.983,148.924,640.083,6.408,4.011,95.681,4.043,5.003
