step,option,Aug MAE,Sep MAE,Oct MAE,h2 MAE,avg MAE,avg cMAPE,h2 cMAPE,Oct cBias%,h2 cBias%,chosen
trend form,"{""trend"": ""linear""}",81.852,82.418,97.07,90.306,87.114,1.415,1.453,-0.943,-0.49,True
trend form,"{""trend"": ""step""}",80.837,83.244,116.264,101.359,93.448,1.682,1.92,-2.252,-1.349,False
trend form,"{""trend"": ""damped"", ""damp"": 0.5}",81.01,82.473,98.738,92.937,87.407,1.426,1.561,-1.089,-0.765,False
stage-2 size,"{""n_estimators"": 400, ""num_leaves"": 15}",82.868,83.499,97.86,91.203,88.076,1.459,1.495,-0.937,-0.507,False
stage-2 size,"{""n_estimators"": 400, ""num_leaves"": 31}",82.271,82.971,97.438,90.748,87.56,1.434,1.472,-0.94,-0.495,False
stage-2 size,"{""n_estimators"": 600, ""num_leaves"": 15}",82.487,83.048,97.598,90.862,87.711,1.443,1.479,-0.943,-0.5,False
stage-2 size,"{""n_estimators"": 600, ""num_leaves"": 31}",81.852,82.418,97.07,90.306,87.114,1.415,1.453,-0.943,-0.49,False
stage-2 size,"{""n_estimators"": 1000, ""num_leaves"": 15}",81.981,82.454,97.223,90.43,87.219,1.422,1.458,-0.947,-0.499,False
stage-2 size,"{""n_estimators"": 1000, ""num_leaves"": 31}",81.437,81.929,96.703,89.92,86.69,1.396,1.433,-0.946,-0.493,True
stage-2 loss,"{""loss"": ""huber""}",81.437,81.929,96.703,89.92,86.69,1.396,1.433,-0.946,-0.493,False
stage-2 loss,"{""loss"": ""l2""}",81.393,81.863,96.646,89.902,86.634,1.394,1.432,-0.941,-0.497,True
stage-2 loss,"{""loss"": ""l1""}",82.182,82.679,97.126,90.553,87.329,1.423,1.46,-0.946,-0.523,False
city categoricals in stage 2,"{""city_cats"": false}",81.393,81.863,96.646,89.902,86.634,1.394,1.432,-0.941,-0.497,False
city categoricals in stage 2,"{""city_cats"": true}",79.917,80.371,95.379,88.511,85.222,1.329,1.367,-0.956,-0.513,True
